id,sport_key,sport_title,commence_time,home_team,away_team,bookmakers
95e67a275dc6acb8ecd7b6818f7e8bab,baseball_kbo,KBO,2026-04-19T05:00:40Z,NC Dinos,SSG Landers,"[{'key': 'draftkings', 'title': 'DraftKings', 'last_update': '2026-04-19T08:06:24Z', 'markets': [{'key': 'h2h', 'last_update': '2026-04-19T08:06:24Z', 'outcomes': [{'name': 'NC Dinos', 'price': 1.02}, {'name': 'SSG Landers', 'price': 12.0}]}]}, {'key': 'betmgm', 'title': 'BetMGM', 'last_update': '2026-04-19T08:06:24Z', 'markets': [{'key': 'h2h', 'last_update': '2026-04-19T08:06:24Z', 'outcomes': [{'name': 'NC Dinos', 'price': 1.01}, {'name': 'SSG Landers', 'price': 34.0}]}]}]"
20fb73eae7a3d20d70883fa14cc2f467,baseball_npb,NPB,2026-04-19T05:01:00Z,Hanshin Tigers,Chunichi Dragons,"[{'key': 'fanduel', 'title': 'FanDuel', 'last_update': '2026-04-19T08:12:40Z', 'markets': [{'key': 'h2h', 'last_update': '2026-04-19T08:12:40Z', 'outcomes': [{'name': 'Chunichi Dragons', 'price': 14.0}, {'name': 'Hanshin Tigers', 'price': 1.02}]}]}, {'key': 'mybookieag', 'title': 'MyBookie.ag', 'last_update': '2026-04-19T08:05:34Z', 'markets': [{'key': 'h2h', 'last_update': '2026-04-19T08:05:34Z', 'outcomes': [{'name': 'Chunichi Dragons', 'price': 6.5}, {'name': 'Hanshin Tigers', 'price': 1.08}]}]}, {'key': 'bovada', 'title': 'Bovada', 'last_update': '2026-04-19T08:10:37Z', 'markets': [{'key': 'h2h', 'last_update': '2026-04-19T08:10:37Z', 'outcomes': [{'name': 'Chunichi Dragons', 'price': 11.0}, {'name': 'Hanshin Tigers', 'price': 1.04}]}]}, {'key': 'draftkings', 'title': 'DraftKings', 'last_update': '2026-04-19T08:12:26Z', 'markets': [{'key': 'h2h', 'last_update': '2026-04-19T08:12:26Z', 'outcomes': [{'name': 'Chunichi Dragons', 'price': 14.0}, {'name': 'Hanshin Tigers', 'price': 1.0}]}]}, {'key': 'betmgm', 'title': 'BetMGM', 'last_update': '2026-04-19T08:12:38Z', 'markets': [{'key': 'h2h', 'last_update': '2026-04-19T08:12:38Z', 'outcomes': [{'name': 'Chunichi Dragons', 'price': 10.0}, {'name': 'Hanshin Tigers', 'price': 1.02}]}]}]"
0baf64298a611da75e323a1bcb751440,baseball_kbo,KBO,2026-04-19T05:02:00Z,Doosan Bears,Kia Tigers,"[{'key': 'bovada', 'title': 'Bovada', 'last_update': '2026-04-19T08:00:11Z', 'markets': [{'key': 'h2h', 'last_update': '2026-04-19T08:00:11Z', 'outcomes': [{'name': 'Doosan Bears', 'price': 1.01}, {'name': 'Kia Tigers', 'price': 13.0}]}]}, {'key': 'betmgm', 'title': 'BetMGM', 'last_update': '2026-04-19T08:04:42Z', 'markets': [{'key': 'h2h', 'last_update': '2026-04-19T08:04:42Z', 'outcomes': [{'name': 'Doosan Bears', 'price': 1.01}, {'name': 'Kia Tigers', 'price': 34.0}]}]}]"
32e14da7ac675266e4a2b8d5147cdaa0,baseball_kbo,KBO,2026-04-19T05:24:48Z,Samsung Lions,LG Twins,"[{'key': 'betmgm', 'title': 'BetMGM', 'last_update': '2026-04-19T07:58:03Z', 'markets': [{'key': 'h2h', 'last_update': '2026-04-19T07:58:03Z', 'outcomes': [{'name': 'LG Twins', 'price': 1.01}, {'name': 'Samsung Lions', 'price': 34.0}]}]}]"
04174454d3cff7120f0e6c60a3705476,soccer_japan_j_league,J League,2026-04-19T06:00:00Z,Gamba Osaka,Fagiano Okayama,"[{'key': 'draftkings', 'title': 'DraftKings', 'last_update': '2026-04-19T08:00:53Z', 'markets': [{'key': 'h2h', 'last_update': '2026-04-19T08:00:53Z', 'outcomes': [{'name': 'Fagiano Okayama', 'price': 31.0}, {'name': 'Gamba Osaka', 'price': 14.0}, {'name': 'Draw', 'price': 1.03}]}]}, {'key': 'betmgm', 'title': 'BetMGM', 'last_update': '2026-04-19T08:01:30Z', 'markets': [{'key': 'h2h', 'last_update': '2026-04-19T08:01:30Z', 'outcomes': [{'name': 'Fagiano Okayama', 'price': 29.0}, {'name': 'Gamba Osaka', 'price': 18.5}, {'name': 'Draw', 'price': 1.02}]}]}]"
08e38f540659c615cb5036ffb795e659,rugbyleague_nrl,NRL,2026-04-19T06:05:00Z,Parramatta Eels,Canterbury Bulldogs,[]
0e60274ac3bd6d634ec27e40d98d23e4,soccer_japan_j_league,J League,2026-04-19T07:00:00Z,Nagoya Grampus,Avispa Fukuoka,"[{'key': 'betmgm', 'title': 'BetMGM', 'last_update': '2026-04-19T08:12:09Z', 'markets': [{'key': 'h2h', 'last_update': '2026-04-19T08:12:09Z', 'outcomes': [{'name': 'Avispa Fukuoka', 'price': 1.16}, {'name': 'Nagoya Grampus', 'price': 13.5}, {'name': 'Draw', 'price': 6.0}]}]}, {'key': 'draftkings', 'title': 'DraftKings', 'last_update': '2026-04-19T08:09:25Z', 'markets': [{'key': 'h2h', 'last_update': '2026-04-19T08:09:25Z', 'outcomes': [{'name': 'Avispa Fukuoka', 'price': 1.17}, {'name': 'Nagoya Grampus', 'price': 16.0}, {'name': 'Draw', 'price': 6.5}]}]}]"
bed680f763827f005a9d8621143bb7fd,baseball_npb,NPB,2026-04-19T07:00:00Z,Tohoku Rakuten Golden Eagles,Chiba Lotte Marines,"[{'key': 'fanduel', 'title': 'FanDuel', 'last_update': '2026-04-19T08:12:40Z', 'markets': [{'key': 'h2h', 'last_update': '2026-04-19T08:12:40Z', 'outcomes': [{'name': 'Chiba Lotte Marines', 'price': 8.0}, {'name': 'Tohoku Rakuten Golden Eagles', 'price': 1.07}]}]}, {'key': 'mybookieag', 'title': 'MyBookie.ag', 'last_update': '2026-04-19T08:11:48Z', 'markets': [{'key': 'h2h', 'last_update': '2026-04-19T08:11:48Z', 'outcomes': [{'name': 'Chiba Lotte Marines', 'price': 6.75}, {'name': 'Tohoku Rakuten Golden Eagles', 'price': 1.07}]}]}, {'key': 'bovada', 'title': 'Bovada', 'last_update': '2026-04-19T08:10:37Z', 'markets': [{'key': 'h2h', 'last_update': '2026-04-19T08:10:37Z', 'outcomes': [{'name': 'Chiba Lotte Marines', 'price': 6.5}, {'name': 'Tohoku Rakuten Golden Eagles', 'price': 1.1}]}]}, {'key': 'draftkings', 'title': 'DraftKings', 'last_update': '2026-04-19T08:12:26Z', 'markets': [{'key': 'h2h', 'last_update': '2026-04-19T08:12:26Z', 'outcomes': [{'name': 'Chiba Lotte Marines', 'price': 8.0}, {'name': 'Tohoku Rakuten Golden Eagles', 'price': 1.06}]}]}, {'key': 'betmgm', 'title': 'BetMGM', 'last_update': '2026-04-19T08:12:38Z', 'markets': [{'key': 'h2h', 'last_update': '2026-04-19T08:12:38Z', 'outcomes': [{'name': 'Chiba Lotte Marines', 'price': 6.5}, {'name': 'Tohoku Rakuten Golden Eagles', 'price': 1.08}]}]}, {'key': 'betrivers', 'title': 'BetRivers', 'last_update': '2026-04-19T08:12:14Z', 'markets': [{'key': 'h2h', 'last_update': '2026-04-19T08:12:14Z', 'outcomes': [{'name': 'Chiba Lotte Marines', 'price': 8.5}, {'name': 'Tohoku Rakuten Golden Eagles', 'price': 1.04}]}]}]"
b2a7097d4ff3de9f0e2a85e694561bcd,aussierules_afl,AFL,2026-04-19T07:10:00Z,West Coast Eagles,Fremantle Dockers,"[{'key': 'draftkings', 'title': 'DraftKings', 'last_update': '2026-04-19T08:11:55Z', 'markets': [{'key': 'h2h', 'last_update': '2026-04-19T08:11:55Z', 'outcomes': [{'name': 'Fremantle Dockers', 'price': 1.02}, {'name': 'West Coast Eagles', 'price': 11.0}]}]}]"
2f88b1a85b9d3d729cf0fb8c163bc8ed,soccer_korea_kleague1,K League 1,2026-04-19T07:30:00Z,Pohang Steelers,FC Anyang,"[{'key': 'draftkings', 'title': 'DraftKings', 'last_update': '2026-04-19T08:12:35Z', 'markets': [{'key': 'h2h', 'last_update': '2026-04-19T08:12:35Z', 'outcomes': [{'name': 'FC Anyang', 'price': 3.6}, {'name': 'Pohang Steelers', 'price': 2.75}, {'name': 'Draw', 'price': 2.35}]}]}, {'key': 'bovada', 'title': 'Bovada', 'last_update': '2026-04-19T08:10:24Z', 'markets': [{'key': 'h2h', 'last_update': '2026-04-19T08:10:24Z', 'outcomes': [{'name': 'FC Anyang', 'price': 3.45}, {'name': 'Pohang Steelers', 'price': 2.71}, {'name': 'Draw', 'price': 2.37}]}]}, {'key': 'betmgm', 'title': 'BetMGM', 'last_update': '2026-04-19T08:12:10Z', 'markets': [{'key': 'h2h', 'last_update': '2026-04-19T08:12:10Z', 'outcomes': [{'name': 'FC Anyang', 'price': 3.4}, {'name': 'Pohang Steelers', 'price': 2.6}, {'name': 'Draw', 'price': 2.2}]}]}]"
fc360232d06769f38838ff54f7b771c3,baseball_kbo,KBO,2026-04-19T08:00:00Z,KT Wiz,Kiwoom Heroes,"[{'key': 'fanduel', 'title': 'FanDuel', 'last_update': '2026-04-19T08:12:26Z', 'markets': [{'key': 'h2h', 'last_update': '2026-04-19T08:12:26Z', 'outcomes': [{'name': 'Kiwoom Heroes', 'price': 2.8}, {'name': 'KT Wiz', 'price': 1.43}]}]}, {'key': 'mybookieag', 'title': 'MyBookie.ag', 'last_update': '2026-04-19T08:12:13Z', 'markets': [{'key': 'h2h', 'last_update': '2026-04-19T08:12:13Z', 'outcomes': [{'name': 'Kiwoom Heroes', 'price': 2.75}, {'name': 'KT Wiz', 'price': 1.4}]}]}, {'key': 'lowvig', 'title': 'LowVig.ag', 'last_update': '2026-04-19T08:00:33Z', 'markets': [{'key': 'h2h', 'last_update': '2026-04-19T08:00:33Z', 'outcomes': [{'name': 'Kiwoom Heroes', 'price': 2.77}, {'name': 'KT Wiz', 'price': 1.49}]}]}, {'key': 'betonlineag', 'title': 'BetOnline.ag', 'last_update': '2026-04-19T08:00:20Z', 'markets': [{'key': 'h2h', 'last_update': '2026-04-19T08:00:20Z', 'outcomes': [{'name': 'Kiwoom Heroes', 'price': 2.77}, {'name': 'KT Wiz', 'price': 1.49}]}]}, {'key': 'bovada', 'title': 'Bovada', 'last_update': '2026-04-19T08:09:47Z', 'markets': [{'key': 'h2h', 'last_update': '2026-04-19T08:09:47Z', 'outcomes': [{'name': 'Kiwoom Heroes', 'price': 2.5}, {'name': 'KT Wiz', 'price': 1.5}]}]}, {'key': 'draftkings', 'title': 'DraftKings', 'last_update': '2026-04-19T08:12:13Z', 'markets': [{'key': 'h2h', 'last_update': '2026-04-19T08:12:13Z', 'outcomes': [{'name': 'Kiwoom Heroes', 'price': 2.35}, {'name': 'KT Wiz', 'price': 1.54}]}]}, {'key': 'betrivers', 'title': 'BetRivers', 'last_update': '2026-04-19T08:12:01Z', 'markets': [{'key': 'h2h', 'last_update': '2026-04-19T08:12:01Z', 'outcomes': [{'name': 'Kiwoom Heroes', 'price': 2.55}, {'name': 'KT Wiz', 'price': 1.44}]}]}, {'key': 'betmgm', 'title': 'BetMGM', 'last_update': '2026-04-19T08:12:13Z', 'markets': [{'key': 'h2h', 'last_update': '2026-04-19T08:12:13Z', 'outcomes': [{'name': 'Kiwoom Heroes', 'price': 2.4}, {'name': 'KT Wiz', 'price': 1.5}]}]}]"
c79cb73e77203a856b54020b097ce30d,baseball_npb,NPB,2026-04-19T09:00:00Z,Tokyo Yakult Swallows,Yomiuri Giants,"[{'key': 'fanduel', 'title': 'FanDuel', 'last_update': '2026-04-19T08:12:40Z', 'markets': [{'key': 'h2h', 'last_update': '2026-04-19T08:12:40Z', 'outcomes': [{'name': 'Tokyo Yakult Swallows', 'price': 2.18}, {'name': 'Yomiuri Giants', 'price': 1.69}]}]}, {'key': 'mybookieag', 'title': 'MyBookie.ag', 'last_update': '2026-04-19T08:11:48Z', 'markets': [{'key': 'h2h', 'last_update': '2026-04-19T08:11:48Z', 'outcomes': [{'name': 'Tokyo Yakult Swallows', 'price': 2.11}, {'name': 'Yomiuri Giants', 'price': 1.68}]}]}, {'key': 'betonlineag', 'title': 'BetOnline.ag', 'last_update': '2026-04-19T08:12:13Z', 'markets': [{'key': 'h2h', 'last_update': '2026-04-19T08:12:13Z', 'outcomes': [{'name': 'Tokyo Yakult Swallows', 'price': 2.25}, {'name': 'Yomiuri Giants', 'price': 1.69}]}]}, {'key': 'lowvig', 'title': 'LowVig.ag', 'last_update': '2026-04-19T08:11:36Z', 'markets': [{'key': 'h2h', 'last_update': '2026-04-19T08:11:36Z', 'outcomes': [{'name': 'Tokyo Yakult Swallows', 'price': 2.25}, {'name': 'Yomiuri Giants', 'price': 1.69}]}]}, {'key': 'bovada', 'title': 'Bovada', 'last_update': '2026-04-19T08:10:37Z', 'markets': [{'key': 'h2h', 'last_update': '2026-04-19T08:10:37Z', 'outcomes': [{'name': 'Tokyo Yakult Swallows', 'price': 2.1}, {'name': 'Yomiuri Giants', 'price': 1.69}]}]}, {'key': 'draftkings', 'title': 'DraftKings', 'last_update': '2026-04-19T08:12:26Z', 'markets': [{'key': 'h2h', 'last_update': '2026-04-19T08:12:26Z', 'outcomes': [{'name': 'Tokyo Yakult Swallows', 'price': 2.15}, {'name': 'Yomiuri Giants', 'price': 1.71}]}]}, {'key': 'betus', 'title': 'BetUS', 'last_update': '2026-04-19T08:12:26Z', 'markets': [{'key': 'h2h', 'last_update': '2026-04-19T08:12:26Z', 'outcomes': [{'name': 'Tokyo Yakult Swallows', 'price': 2.05}, {'name': 'Yomiuri Giants', 'price': 1.74}]}]}, {'key': 'betmgm', 'title': 'BetMGM', 'last_update': '2026-04-19T08:12:38Z', 'markets': [{'key': 'h2h', 'last_update': '2026-04-19T08:12:38Z', 'outcomes': [{'name': 'Tokyo Yakult Swallows', 'price': 2.1}, {'name': 'Yomiuri Giants', 'price': 1.71}]}]}, {'key': 'betrivers', 'title': 'BetRivers', 'last_update': '2026-04-19T08:12:14Z', 'markets': [{'key': 'h2h', 'last_update': '2026-04-19T08:12:14Z', 'outcomes': [{'name': 'Tokyo Yakult Swallows', 'price': 2.2}, {'name': 'Yomiuri Giants', 'price': 1.64}]}]}]"
a9ade818e7eb59b8fd7254c120589026,cricket_psl,Pakistan Super League,2026-04-19T09:30:00Z,Karachi Kings,Multan Sultans,[]
a1a9138870996c551d46732a33be6b94,cricket_ipl,IPL,2026-04-19T10:00:00Z,Kolkata Knight Riders,Rajasthan Royals,"[{'key': 'draftkings', 'title': 'DraftKings', 'last_update': '2026-04-19T08:12:08Z', 'markets': [{'key': 'h2h', 'last_update': '2026-04-19T08:12:08Z', 'outcomes': [{'name': 'Kolkata Knight Riders', 'price': 2.25}, {'name': 'Rajasthan Royals', 'price': 1.62}]}]}, {'key': 'betus', 'title': 'BetUS', 'last_update': '2026-04-19T08:12:09Z', 'markets': [{'key': 'h2h', 'last_update': '2026-04-19T08:12:09Z', 'outcomes': [{'name': 'Kolkata Knight Riders', 'price': 2.24}, {'name': 'Rajasthan Royals', 'price': 1.61}]}]}, {'key': 'betonlineag', 'title': 'BetOnline.ag', 'last_update': '2026-04-19T08:12:20Z', 'markets': [{'key': 'h2h', 'last_update': '2026-04-19T08:12:20Z', 'outcomes': [{'name': 'Kolkata Knight Riders', 'price': 2.38}, {'name': 'Rajasthan Royals', 'price': 1.63}]}]}, {'key': 'lowvig', 'title': 'LowVig.ag', 'last_update': '2026-04-19T08:12:08Z', 'markets': [{'key': 'h2h', 'last_update': '2026-04-19T08:12:08Z', 'outcomes': [{'name': 'Kolkata Knight Riders', 'price': 2.38}, {'name': 'Rajasthan Royals', 'price': 1.63}]}]}]"
1dd49b068a477a22f805738f0d885498,soccer_poland_ekstraklasa,Ekstraklasa - Poland,2026-04-19T10:15:00Z,Nieciecza,Wisła Płock,"[{'key': 'betrivers', 'title': 'BetRivers', 'last_update': '2026-04-19T08:12:37Z', 'markets': [{'key': 'h2h', 'last_update': '2026-04-19T08:12:37Z', 'outcomes': [{'name': 'Nieciecza', 'price': 2.32}, {'name': 'Wisła Płock', 'price': 2.85}, {'name': 'Draw', 'price': 3.4}]}]}, {'key': 'fanduel', 'title': 'FanDuel', 'last_update': '2026-04-19T08:12:36Z', 'markets': [{'key': 'h2h', 'last_update': '2026-04-19T08:12:36Z', 'outcomes': [{'name': 'Nieciecza', 'price': 2.5}, {'name': 'Wisła Płock', 'price': 2.65}, {'name': 'Draw', 'price': 3.5}]}]}, {'key': 'draftkings', 'title': 'DraftKings', 'last_update': '2026-04-19T08:12:24Z', 'markets': [{'key': 'h2h', 'last_update': '2026-04-19T08:12:24Z', 'outcomes': [{'name': 'Nieciecza', 'price': 2.55}, {'name': 'Wisła Płock', 'price': 2.7}, {'name': 'Draw', 'price': 3.35}]}]}, {'key': 'bovada', 'title': 'Bovada', 'last_update': '2026-04-19T08:11:28Z', 'markets': [{'key': 'h2h', 'last_update': '2026-04-19T08:11:27Z', 'outcomes': [{'name': 'Nieciecza', 'price': 2.55}, {'name': 'Wisła Płock', 'price': 2.64}, {'name': 'Draw', 'price': 3.2}]}]}, {'key': 'betmgm', 'title': 'BetMGM', 'last_update': '2026-04-19T08:11:47Z', 'markets': [{'key': 'h2h', 'last_update': '2026-04-19T08:11:47Z', 'outcomes': [{'name': 'Nieciecza', 'price': 2.4}, {'name': 'Wisła Płock', 'price': 2.7}, {'name': 'Draw', 'price': 3.4}]}]}, {'key': 'betus', 'title': 'BetUS', 'last_update': '2026-04-19T08:12:02Z', 'markets': [{'key': 'h2h', 'last_update': '2026-04-19T08:12:02Z', 'outcomes': [{'name': 'Nieciecza', 'price': 2.55}, {'name': 'Wisła Płock', 'price': 2.64}, {'name': 'Draw', 'price': 3.2}]}]}, {'key': 'betonlineag', 'title': 'BetOnline.ag', 'last_update': '2026-04-19T08:12:00Z', 'markets': [{'key': 'h2h', 'last_update': '2026-04-19T08:12:00Z', 'outcomes': [{'name': 'Nieciecza', 'price': 2.6}, {'name': 'Wisła Płock', 'price': 2.7}, {'name': 'Draw', 'price': 3.25}]}]}, {'key': 'lowvig', 'title': 'LowVig.ag', 'last_update': '2026-04-19T08:12:36Z', 'markets': [{'key': 'h2h', 'last_update': '2026-04-19T08:12:36Z', 'outcomes': [{'name': 'Nieciecza', 'price': 2.6}, {'name': 'Wisła Płock', 'price': 2.7}, {'name': 'Draw', 'price': 3.25}]}]}]"
41396115d9202dcb93866dba2e9bc1a8,soccer_italy_serie_a,Serie A - Italy,2026-04-19T10:30:00Z,Cremonese,Torino,"[{'key': 'fanduel', 'title': 'FanDuel', 'last_update': '2026-04-19T08:12:33Z', 'markets': [{'key': 'h2h', 'last_update': '2026-04-19T08:12:33Z', 'outcomes': [{'name': 'Cremonese', 'price': 2.8}, {'name': 'Torino', 'price': 2.75}, {'name': 'Draw', 'price': 3.0}]}]}, {'key': 'betmgm', 'title': 'BetMGM', 'last_update': '2026-04-19T08:12:37Z', 'markets': [{'key': 'h2h', 'last_update': '2026-04-19T08:12:37Z', 'outcomes': [{'name': 'Cremonese', 'price': 2.75}, {'name': 'Torino', 'price': 2.7}, {'name': 'Draw', 'price': 3.1}]}]}, {'key': 'bovada', 'title': 'Bovada', 'last_update': '2026-04-19T08:12:39Z', 'markets': [{'key': 'h2h', 'last_update': '2026-04-19T08:12:39Z', 'outcomes': [{'name': 'Cremonese', 'price': 2.76}, {'name': 'Torino', 'price': 2.8}, {'name': 'Draw', 'price': 3.0}]}]}, {'key': 'betrivers', 'title': 'BetRivers', 'last_update': '2026-04-19T08:12:35Z', 'markets': [{'key': 'h2h', 'last_update': '2026-04-19T08:12:35Z', 'outcomes': [{'name': 'Cremonese', 'price': 2.85}, {'name': 'Torino', 'price': 2.55}, {'name': 'Draw', 'price': 3.1}]}]}, {'key': 'betonlineag', 'title': 'BetOnline.ag', 'last_update': '2026-04-19T08:12:10Z', 'markets': [{'key': 'h2h', 'last_update': '2026-04-19T08:12:09Z', 'outcomes': [{'name': 'Cremonese', 'price': 2.85}, {'name': 'Torino', 'price': 2.78}, {'name': 'Draw', 'price': 3.09}]}]}, {'key': 'lowvig', 'title': 'LowVig.ag', 'last_update': '2026-04-19T08:12:09Z', 'markets': [{'key': 'h2h', 'last_update': '2026-04-19T08:12:09Z', 'outcomes': [{'name': 'Cremonese', 'price': 2.85}, {'name': 'Torino', 'price': 2.78}, {'name': 'Draw', 'price': 3.09}]}]}, {'key': 'draftkings', 'title': 'DraftKings', 'last_update': '2026-04-19T08:12:10Z', 'markets': [{'key': 'h2h', 'last_update': '2026-04-19T08:12:09Z', 'outcomes': [{'name': 'Cremonese', 'price': 2.7}, {'name': 'Torino', 'price': 2.7}, {'name': 'Draw', 'price': 2.95}]}]}, {'key': 'betus', 'title': 'BetUS', 'last_update': '2026-04-19T08:11:43Z', 'markets': [{'key': 'h2h', 'last_update': '2026-04-19T08:11:43Z', 'outcomes': [{'name': 'Cremonese', 'price': 2.76}, {'name': 'Torino', 'price': 2.8}, {'name': 'Draw', 'price': 3.0}]}]}]"
f0d1a0a2b5d9e54a6b6a67e1d07d4d3a,tennis_wta_stuttgart_open,WTA Stuttgart Open,2026-04-19T11:00:00Z,Elena Rybakina,Karolina Muchova,"[{'key': 'draftkings', 'title': 'DraftKings', 'last_update': '2026-04-19T08:12:04Z', 'markets': [{'key': 'h2h', 'last_update': '2026-04-19T08:12:04Z', 'outcomes': [{'name': 'Elena Rybakina', 'price': 1.42}, {'name': 'Karolina Muchova', 'price': 2.9}]}]}, {'key': 'fanduel', 'title': 'FanDuel', 'last_update': '2026-04-19T08:12:41Z', 'markets': [{'key': 'h2h', 'last_update': '2026-04-19T08:12:41Z', 'outcomes': [{'name': 'Elena Rybakina', 'price': 1.4}, {'name': 'Karolina Muchova', 'price': 2.98}]}]}, {'key': 'betmgm', 'title': 'BetMGM', 'last_update': '2026-04-19T08:12:29Z', 'markets': [{'key': 'h2h', 'last_update': '2026-04-19T08:12:29Z', 'outcomes': [{'name': 'Elena Rybakina', 'price': 1.43}, {'name': 'Karolina Muchova', 'price': 2.9}]}]}, {'key': 'bovada', 'title': 'Bovada', 'last_update': '2026-04-19T08:06:45Z', 'markets': [{'key': 'h2h', 'last_update': '2026-04-19T08:06:45Z', 'outcomes': [{'name': 'Elena Rybakina', 'price': 1.42}, {'name': 'Karolina Muchova', 'price': 2.95}]}]}, {'key': 'betrivers', 'title': 'BetRivers', 'last_update': '2026-04-19T08:12:17Z', 'markets': [{'key': 'h2h', 'last_update': '2026-04-19T08:12:17Z', 'outcomes': [{'name': 'Elena Rybakina', 'price': 1.41}, {'name': 'Karolina Muchova', 'price': 2.95}]}]}, {'key': 'lowvig', 'title': 'LowVig.ag', 'last_update': '2026-04-19T08:12:41Z', 'markets': [{'key': 'h2h', 'last_update': '2026-04-19T08:12:41Z', 'outcomes': [{'name': 'Elena Rybakina', 'price': 1.4}, {'name': 'Karolina Muchova', 'price': 3.07}]}]}, {'key': 'betonlineag', 'title': 'BetOnline.ag', 'last_update': '2026-04-19T08:12:17Z', 'markets': [{'key': 'h2h', 'last_update': '2026-04-19T08:12:17Z', 'outcomes': [{'name': 'Elena Rybakina', 'price': 1.4}, {'name': 'Karolina Muchova', 'price': 3.07}]}]}, {'key': 'betus', 'title': 'BetUS', 'last_update': '2026-04-19T08:12:05Z', 'markets': [{'key': 'h2h', 'last_update': '2026-04-19T08:12:05Z', 'outcomes': [{'name': 'Elena Rybakina', 'price': 1.41}, {'name': 'Karolina Muchova', 'price': 3.05}]}]}]"
d17c6ba69d1b593f12859063e29e109e,soccer_sweden_superettan,Superettan - Sweden,2026-04-19T11:00:00Z,Norrby IF,Falkenbergs FF,"[{'key': 'betrivers', 'title': 'BetRivers', 'last_update': '2026-04-19T08:12:10Z', 'markets': [{'key': 'h2h', 'last_update': '2026-04-19T08:12:10Z', 'outcomes': [{'name': 'Falkenbergs FF', 'price': 2.35}, {'name': 'Norrby IF', 'price': 2.7}, {'name': 'Draw', 'price': 3.35}]}]}, {'key': 'fanduel', 'title': 'FanDuel', 'last_update': '2026-04-19T08:10:56Z', 'markets': [{'key': 'h2h', 'last_update': '2026-04-19T08:10:56Z', 'outcomes': [{'name': 'Falkenbergs FF', 'price': 2.4}, {'name': 'Norrby IF', 'price': 2.8}, {'name': 'Draw', 'price': 3.4}]}]}, {'key': 'bovada', 'title': 'Bovada', 'last_update': '2026-04-19T08:12:28Z', 'markets': [{'key': 'h2h', 'last_update': '2026-04-19T08:12:28Z', 'outcomes': [{'name': 'Falkenbergs FF', 'price': 2.3}, {'name': 'Norrby IF', 'price': 2.85}, {'name': 'Draw', 'price': 3.35}]}]}, {'key': 'betonlineag', 'title': 'BetOnline.ag', 'last_update': '2026-04-19T08:12:35Z', 'markets': [{'key': 'h2h', 'last_update': '2026-04-19T08:12:35Z', 'outcomes': [{'name': 'Falkenbergs FF', 'price': 2.36}, {'name': 'Norrby IF', 'price': 2.96}, {'name': 'Draw', 'price': 3.3}]}]}, {'key': 'lowvig', 'title': 'LowVig.ag', 'last_update': '2026-04-19T08:11:57Z', 'markets': [{'key': 'h2h', 'last_update': '2026-04-19T08:11:57Z', 'outcomes': [{'name': 'Falkenbergs FF', 'price': 2.36}, {'name': 'Norrby IF', 'price': 2.96}, {'name': 'Draw', 'price': 3.3}]}]}, {'key': 'draftkings', 'title': 'DraftKings', 'last_update': '2026-04-19T08:12:12Z', 'markets': [{'key': 'h2h', 'last_update': '2026-04-19T08:12:12Z', 'outcomes': [{'name': 'Falkenbergs FF', 'price': 2.35}, {'name': 'Norrby IF', 'price': 2.95}, {'name': 'Draw', 'price': 3.4}]}]}, {'key': 'betus', 'title': 'BetUS', 'last_update': '2026-04-19T08:12:25Z', 'markets': [{'key': 'h2h', 'last_update': '2026-04-19T08:12:25Z', 'outcomes': [{'name': 'Falkenbergs FF', 'price': 2.3}, {'name': 'Norrby IF', 'price': 2.85}, {'name': 'Draw', 'price': 3.35}]}]}, {'key': 'betmgm', 'title': 'BetMGM', 'last_update': '2026-04-19T08:12:22Z', 'markets': [{'key': 'h2h', 'last_update': '2026-04-19T08:12:22Z', 'outcomes': [{'name': 'Falkenbergs FF', 'price': 2.25}, {'name': 'Norrby IF', 'price': 2.8}, {'name': 'Draw', 'price': 3.3}]}]}]"
b6ea6f6b8701ec59fd1ba336cb086589,soccer_efl_champ,Championship,2026-04-19T11:00:00Z,Ipswich Town,Middlesbrough,"[{'key': 'betrivers', 'title': 'BetRivers', 'last_update': '2026-04-19T08:12:08Z', 'markets': [{'key': 'h2h', 'last_update': '2026-04-19T08:12:07Z', 'outcomes': [{'name': 'Ipswich Town', 'price': 2.18}, {'name': 'Middlesbrough', 'price': 3.05}, {'name': 'Draw', 'price': 3.5}]}]}, {'key': 'betmgm', 'title': 'BetMGM', 'last_update': '2026-04-19T08:12:32Z', 'markets': [{'key': 'h2h', 'last_update': '2026-04-19T08:12:32Z', 'outcomes': [{'name': 'Ipswich Town', 'price': 2.3}, {'name': 'Middlesbrough', 'price': 2.95}, {'name': 'Draw', 'price': 3.5}]}]}, {'key': 'fanduel', 'title': 'FanDuel', 'last_update': '2026-04-19T08:11:55Z', 'markets': [{'key': 'h2h', 'last_update': '2026-04-19T08:11:55Z', 'outcomes': [{'name': 'Ipswich Town', 'price': 2.25}, {'name': 'Middlesbrough', 'price': 3.0}, {'name': 'Draw', 'price': 3.5}]}]}, {'key': 'lowvig', 'title': 'LowVig.ag', 'last_update': '2026-04-19T08:12:08Z', 'markets': [{'key': 'h2h', 'last_update': '2026-04-19T08:12:08Z', 'outcomes': [{'name': 'Ipswich Town', 'price': 2.32}, {'name': 'Middlesbrough', 'price': 2.96}, {'name': 'Draw', 'price': 3.5}]}]}, {'key': 'betonlineag', 'title': 'BetOnline.ag', 'last_update': '2026-04-19T08:12:33Z', 'markets': [{'key': 'h2h', 'last_update': '2026-04-19T08:12:33Z', 'outcomes': [{'name': 'Ipswich Town', 'price': 2.32}, {'name': 'Middlesbrough', 'price': 2.96}, {'name': 'Draw', 'price': 3.5}]}]}, {'key': 'draftkings', 'title': 'DraftKings', 'last_update': '2026-04-19T08:12:32Z', 'markets': [{'key': 'h2h', 'last_update': '2026-04-19T08:12:32Z', 'outcomes': [{'name': 'Ipswich Town', 'price': 2.35}, {'name': 'Middlesbrough', 'price': 2.95}, {'name': 'Draw', 'price': 3.55}]}]}, {'key': 'bovada', 'title': 'Bovada', 'last_update': '2026-04-19T08:11:24Z', 'markets': [{'key': 'h2h', 'last_update': '2026-04-19T08:11:24Z', 'outcomes': [{'name': 'Ipswich Town', 'price': 2.25}, {'name': 'Middlesbrough', 'price': 2.83}, {'name': 'Draw', 'price': 3.5}]}]}, {'key': 'betus', 'title': 'BetUS', 'last_update': '2026-04-19T08:12:20Z', 'markets': [{'key': 'h2h', 'last_update': '2026-04-19T08:12:20Z', 'outcomes': [{'name': 'Ipswich Town', 'price': 2.25}, {'name': 'Middlesbrough', 'price': 2.83}, {'name': 'Draw', 'price': 3.5}]}]}]"
